{"cameraMode":{"drawMode":0,"name":"Shaded","section":"Shading Mode"},"sceneLighting":false,"audioPlay":false,"sceneViewState":{"m_AlwaysRefresh":false,"showFog":true,"showSkybox":false,"showFlares":true,"showImageEffects":true,"showParticleSystems":true,"showVisualEffectGraphs":true,"m_FxEnabled":true},"in2DMode":false,"pivot":{"x":-20.598798751831056,"y":37.685821533203128,"z":-47.983787536621097},"rotation":{"x":-0.41486820578575137,"y":-0.0049141147173941139,"z":0.0022440189495682718,"w":-0.9098506569862366},"size":20.031225204467775,"orthographic":false}